{
  "ndvi": [
    [
      -2.8616154523945454,
      -78.8012547853337
    ],
    [
      -2.8562860900163227,
      -78.79086837419932
    ]
  ],
  "ndre": [
    [
      -2.8616154523945454,
      -78.8012547853337
    ],
    [
      -2.8562860900163227,
      -78.79086837419932
    ]
  ],
  "lci": [
    [
      -2.8616154523945454,
      -78.8012547853337
    ],
    [
      -2.8562860900163227,
      -78.79086837419932
    ]
  ]
}
